Dışa Aktarım Tarihi:,16.07.2026 20:53:47
Toplam Kayıt Sayısı:,262

Fon Kodu,Fon Adı,Şemsiye Fon Türü,Fonun Risk Değeri,1 Ay (%),3 Ay (%),6 Ay (%),Yılbaşından İtibaren (%),1 Yıl (%),3 Yıl (%),5 Yıl (%)
RIH,RE-PIE PORTFÖY İKİNCİ HİSSE SENEDİ SERBEST FON (HİSSE SENEDİ YOĞUN FON),Serbest Şemsiye Fonu,7,"28,3172","45,6952","-34,8457","-27,4487","-23,4649","",""
BMU,BULLS PORTFÖY MUTLAK GETİRİ HEDEFLİ HİSSE SENEDİ SERBEST FON (HİSSE SENEDİ YOĞUN FON),Serbest Şemsiye Fonu,7,"11,9772","147,7779","313,4461","317,0546","","",""
PHE,PUSULA PORTFÖY HİSSE SENEDİ FONU (HİSSE SENEDİ YOĞUN FON),Hisse Senedi Şemsiye Fonu,6,"11,4619","40,303","143,8983","169,0497","225,7505","",""
LTL,AHLATCI PORTFÖY HİSSE SENEDİ (TL) FONU (HİSSE SENEDİ YOĞUN FON),Hisse Senedi Şemsiye Fonu,7,"10,9012","","","","","",""
BOS,BULLS PORTFÖY ALTINCI HİSSE SENEDİ SERBEST FON (HİSSE SENEDİ YOĞUN FON),Serbest Şemsiye Fonu,6,"10,3817","7,3548","2,8665","3,7987","","",""
MHF,MT PORTFÖY BIST HALKA ARZ ŞİRKETLERİ HİSSE SENEDİ FONU (HİSSE SENEDİ YOĞUN FON),Hisse Senedi Şemsiye Fonu,6,"9,9741","27,0252","45,5377","59,3476","100,4765","",""
PTO,PARDUS PORTFÖY TEMETTÜ ÖDEYEN ŞİRKETLER HİSSE SENEDİ FONU (HİSSE SENEDİ YOĞUN FON),Hisse Senedi Şemsiye Fonu,6,"9,642","16,7429","36,0017","47,9596","62,3466","",""
KHB,KARE PORTFÖY BIST 100 DIŞI ŞİRKETLER HİSSE SENEDİ FONU (HİSSE SENEDİ YOĞUN FON),Hisse Senedi Şemsiye Fonu,7,"9,4545","12,5441","29,8086","39,1922","53,272","",""
SRL,PARDUS PORTFÖY SÜRDÜRÜLEBİLİRLİK HİSSE SENEDİ (TL) FONU (HİSSE SENEDİ YOĞUN FON),Hisse Senedi Şemsiye Fonu,6,"9,1159","16,1187","27,2952","34,1334","58,1606","",""
KHA,PARDUS PORTFÖY İKİNCİ HİSSE SENEDİ (TL) FONU (HİSSE SENEDİ YOĞUN FON),Hisse Senedi Şemsiye Fonu,6,"7,3731","15,1526","53,5982","63,6097","129,2823","",""
GTH,GARANTİ PORTFÖY İHRACATÇI ŞİRKETLER HİSSE SENEDİ (TL) FONU (HİSSE SENEDİ YOĞUN FON),Hisse Senedi Şemsiye Fonu,6,"7,3728","12,4951","26,556","38,4463","44,6568","",""
POS,PARDUS PORTFÖY ONBEŞİNCİ HİSSE SENEDİ SERBEST (TL) FON (HİSSE SENEDİ YOĞUN FON),Serbest Şemsiye Fonu,6,"6,8357","-0,3177","5,6969","11,7119","11,7903","",""
GO9,ONE PORTFÖY BİRİNCİ HİSSE SENEDİ FONU (HİSSE SENEDİ YOĞUN FON),Hisse Senedi Şemsiye Fonu,6,"6,552","10,0164","28,6032","46,1873","76,7227","",""
PUK,PUSULA PORTFÖY KATILIM HİSSE SENEDİ (TL) FONU (HİSSE SENEDİ YOĞUN FON),Hisse Senedi Şemsiye Fonu,5,"6,3313","","","","","",""
MTK,MT PORTFÖY KATILIM HİSSE SENEDİ (TL) FONU (HİSSE SENEDİ YOĞUN FON),Hisse Senedi Şemsiye Fonu,6,"5,7101","6,8901","21,1663","36,8351","50,6932","",""
BIH,PARDUS PORTFÖY BİRİNCİ HİSSE SENEDİ (TL) FONU (HİSSE SENEDİ YOĞUN FON),Hisse Senedi Şemsiye Fonu,6,"5,0973","8,8494","21,6901","27,682","90,4785","",""
MTG,DENİZ PORTFÖY MUTLAK GETİRİ HEDEFLİ HİSSE SENEDİ SERBEST FON (HİSSE SENEDİ YOGUN FON),Serbest Şemsiye Fonu,3,"3,5451","13,1951","18,324","17,7043","36,3252","",""
LPH,STATECH PORTFÖY İSTATİSTİKSEL ARBİTRAJ HİSSE SENEDİ SERBEST (TL) FON (HİSSE SENEDİ YOĞUN FON),Serbest Şemsiye Fonu,"","3,5302","11,8741","28,7887","31,4711","64,9467","",""
NMU,NUROL PORTFÖY MUTLAK GETİRİ HEDEFLİ HİSSE SENEDİ SERBEST FON (HİSSE SENEDİ YOĞUN FON),Serbest Şemsiye Fonu,2,"3,4109","11,2348","19,1794","20,5365","","",""
HEH,HEDEF PORTFÖY ALGO EVEREST İSTATİSTİKSEL ARBİTRAJ HİSSE SENEDİ SERBEST FON (HİSSE SENEDİ YOĞUN FON),Serbest Şemsiye Fonu,3,"3,2641","10,9462","18,5201","20,0764","40,4266","276,8515",""
BHI,BV PORTFÖY MUTLAK GETİRİ HEDEFLİ HİSSE SENEDİ SERBEST (TL) FON (HİSSE SENEDİ YOĞUN FON),Serbest Şemsiye Fonu,3,"3,1116","10,5681","21,4727","23,1668","44,899","",""
MTH,MT PORTFÖY BİRİNCİ HİSSE SENEDİ FONU (HİSSE SENEDİ YOĞUN FON),Hisse Senedi Şemsiye Fonu,6,"3,0884","12,1327","21,5801","32,2539","79,4056","",""
MCU,AZİMUT PORTFÖY MUTLAK GETİRİ HEDEFLİ HİSSE SENEDİ SERBEST FON (HİSSE SENEDİ YOĞUN FON),Serbest Şemsiye Fonu,2,"3,0857","8,5229","21,7098","23,3493","","",""
IRB,İSTANBUL PORTFÖY İSTATİSTİKSEL ARBİTRAJ HİSSE SENEDİ SERBEST FON (HİSSE SENEDİ YOĞUN FON),Serbest Şemsiye Fonu,2,"3,0655","10,4506","24,6764","25,3392","","",""
PPM,PİRAMİT PORTFÖY MUTLAK GETİRİ HEDEFLİ HİSSE SENEDİ SERBEST FON (HİSSE SENEDİ YOĞUN FON),Serbest Şemsiye Fonu,3,"3,0608","9,5986","19,5424","20,504","43,8869","",""
KPF,NEO PORTFÖY MUTLAK GETİRİ HEDEFLİ HİSSE SENEDİ SERBEST FON (HİSSE SENEDİ YOĞUN FON),Serbest Şemsiye Fonu,5,"2,9815","11,0215","20,811","22,2172","52,9936","",""
AJ1,A1 CAPİTAL PORTFÖY İSTATİSTİKSEL ARBİTRAJ HİSSE SENEDİ SERBEST FON (HİSSE SENEDİ YOĞUN FON),Serbest Şemsiye Fonu,2,"2,9521","8,2217","14,9859","16,1193","","",""
YMH,YAPI KREDİ PORTFÖY MUTLAK GETİRİ HEDEFLİ HİSSE SENEDİ SERBEST FON (HİSSE SENEDİ YOĞUN FON),Serbest Şemsiye Fonu,2,"2,7897","8,1537","15,3779","16,9871","34,4341","",""
HDA,HEDEF PORTFÖY DÖRDÜNCÜ İSTATİSTİKSEL ARBİTRAJ HİSSE SENEDİ SERBEST (TL) FON (HİSSE SENEDİ YOĞUN FON),Serbest Şemsiye Fonu,2,"2,7403","8,4861","16,8674","18,1035","38,1233","",""
DPI,DENİZ PORTFÖY İSTATİSTİKSEL ARBİTRAJ HİSSE SENEDİ SERBEST FON (HİSSE SENEDİ YOĞUN FON),Serbest Şemsiye Fonu,2,"2,7117","8,8225","18,2396","19,7455","41,2822","246,74","576,3169"
HIM,HEDEF PORTFÖY İKİNCİ MUTLAK GETİRİ HEDEFLİ HİSSE SENEDİ SERBEST FON (HİSSE SENEDİ YOĞUN FON),Serbest Şemsiye Fonu,2,"2,63","9,2685","17,6223","19,1482","39,3243","275,4442",""
SPN,AZİMUT PORTFÖY İSTATİSTİKSEL ARBİTRAJ HİSSE SENEDİ SERBEST FON (HİSSE SENEDİ YOĞUN FON),Serbest Şemsiye Fonu,2,"2,5663","8,8087","17,0393","18,3991","39,4057","220,0548","522,3004"
AC5,PARDUS PORTFÖY İSTATİSTİKSEL ARBİTRAJ HİSSE SENEDİ SERBEST (TL) FON (HİSSE SENEDİ YOĞUN FON),Serbest Şemsiye Fonu,3,"2,5382","6,8902","15,50","16,7189","37,1249","173,3353",""
HMG,HSBC PYŞ MUTLAK GETİRİ HEDEFLİ HİSSE SENEDİ SERBEST (TL) FON(HİSSE SENEDİ YOĞUN FON),Serbest Şemsiye Fonu,"","2,4941","9,9342","14,0371","13,1864","27,7441","197,628","488,4886"
IAU,PARDUS PORTFÖY İKİNCİ İSTATİSTİKSEL ARBİTRAJ HİSSE SENEDİ SERBEST (TL) FON (HİSSE SENEDİ YOĞUN FON),Serbest Şemsiye Fonu,3,"2,439","8,5507","17,1476","18,3056","38,6268","",""
BRC,RE-PIE PORTFÖY BİRİNCİ İSTATİSTİKSEL ARBİTRAJ HİSSE SENEDİ SERBEST FON (HİSSE SENEDİ YOĞUN FON),Serbest Şemsiye Fonu,2,"2,4366","8,5461","16,4943","18,0014","","",""
NSH,NUROL PORTFÖY İSTATİSTİKSEL ARBİTRAJ HİSSE SENEDİ SERBEST FON (HİSSE SENEDİ YOĞUN FON),Serbest Şemsiye Fonu,2,"2,2653","9,4851","19,9005","21,4366","43,2573","",""
GNS,GARANTİ PORTFÖY ENERJİ ŞİRKETLERİ HİSSE SENEDİ (TL) FONU (HİSSE SENEDİ YOĞUN FON),Hisse Senedi Şemsiye Fonu,6,"2,2021","7,5634","23,9634","27,2114","51,3915","",""
RIA,ROTA PORTFÖY İSTATİSTİKSEL ARBİTRAJ HİSSE SENEDİ SERBEST FON (HİSSE SENEDİ YOĞUN FON),Serbest Şemsiye Fonu,2,"2,0945","7,834","15,872","17,0685","35,289","",""
BTJ,ATLAS PORTFÖY İSTATİSTİKSEL ARBİTRAJ HİSSE SENEDİ SERBEST FON (HİSSE SENEDİ YOĞUN FON),Serbest Şemsiye Fonu,2,"1,9635","7,5513","15,5478","16,5392","","",""
KTS,KUVEYT TÜRK PORTFÖY KATILIM HİSSE SENEDİ SERBEST FON (HİSSE SENEDİ YOĞUN FON),Serbest Şemsiye Fonu,5,"1,8396","8,6014","25,1621","41,0385","47,1142","192,7287","700,9279"
MTF,MT PORTFÖY BİRİNCİ İSTATİSTİKSEL ARBİTRAJ HİSSE SENEDİ SERBEST (TL) FON (HİSSE SENEDİ YOĞUN FON),Serbest Şemsiye Fonu,2,"1,7727","7,8137","15,5754","17,2912","32,4835","",""
MGH,TEB PORTFÖY MUTLAK GETİRİ HEDEFLİ HİSSE SENEDİ SERBEST FON (HİSSE SENEDİ YOĞUN FON),Serbest Şemsiye Fonu,2,"1,6884","4,801","9,1507","10,9746","26,7992","",""
MUT,GARANTİ PORTFÖY MUTLAK GETİRİ HEDEFLİ HİSSE SENEDİ SERBEST FON (HİSSE SENEDİ YOĞUN FON),Serbest Şemsiye Fonu,2,"1,6775","5,0484","10,7483","11,3127","30,8142","",""
DDF,DENİZ PORTFÖY DİNAMO HİSSE SENEDİ SERBEST (TL) FON (HİSSE SENEDİ YOĞUN FON),Serbest Şemsiye Fonu,6,"1,5757","5,4959","27,862","34,9734","24,3007","357,1492","644,1148"
HDK,HEDEF PORTFÖY VEGA İSTATİSTİKSEL ARBİTRAJ HİSSE SENEDİ SERBEST FON (HİSSE SENEDİ YOĞUN FON),Serbest Şemsiye Fonu,2,"1,552","5,6844","12,4525","13,575","29,2529","",""
BIY,AZİMUT PORTFÖY BIST 100 DIŞI ŞİRKETLER HİSSE SENEDİ FONU (HİSSE SENEDİ YOĞUN FON),Hisse Senedi Şemsiye Fonu,"","1,1862","6,2513","24,6519","30,2042","","",""
RGH,RE-PIE PORTFÖY MUTLAK GETİRİ HEDEFLİ HİSSE SENEDİ SERBEST FON (HİSSE SENEDİ YOĞUN FON),Serbest Şemsiye Fonu,2,"1,1721","5,7814","8,219","10,1427","","",""
HAT,HEDEF PORTFÖY ATLAS İSTATİSTİKSEL ARBİTRAJ HİSSE SENEDİ SERBEST FON (HİSSE SENEDİ YOĞUN FON),Serbest Şemsiye Fonu,2,"1,0159","4,1004","10,4899","11,4713","28,6538","",""
NKT,NUROL PORTFÖY BİRİNCİ KATILIM HİSSE SENEDİ FONU (HİSSE SENEDİ YOĞUN FON),Hisse Senedi Şemsiye Fonu,5,"0,9238","10,7305","27,6369","39,8186","","",""
NNF,HEDEF PORTFÖY BİRİNCİ HİSSE SENEDİ (TL) FONU (HİSSE SENEDİ YOĞUN FON),Hisse Senedi Şemsiye Fonu,6,"0,804","3,0929","4,7354","13,9319","16,727","180,8137","1469,2711"
BHA,BULLS PORTFÖY HİSSE SENEDİ (TL) FONU (HİSSE SENEDİ YOĞUN FON),Hisse Senedi Şemsiye Fonu,6,"0,7693","4,2457","21,5232","35,0602","49,7999","",""
KPA,KUVEYT TÜRK PORTFÖY KAR PAYI ÖDEYEN KATILIM HİSSE SENEDİ FONU (HİSSE SENEDİ YOĞUN FON),Hisse Senedi Şemsiye Fonu,6,"0,7603","11,9432","25,7346","36,6732","43,6713","",""
KVT,AK PORTFÖY ENERJİ ŞİRKETLERİ HİSSE SENEDİ (TL) FONU (HİSSE SENEDİ YOĞUN FON),Hisse Senedi Şemsiye Fonu,"","0,6367","6,7836","23,5837","24,98","40,7822","",""
FNT,HEDEF PORTFÖY MODEL HİSSE SENEDİ SERBEST (TL) FON (HİSSE SENEDİ YOĞUN FON),Serbest Şemsiye Fonu,6,"0,5558","6,956","14,856","30,5559","32,7531","",""
AEV,ALLBATROSS PORTFÖY SANAYİ ŞİRKETLERİ HİSSE SENEDİ (TL) FONU (HİSSE SENEDİ YOĞUN FON),Hisse Senedi Şemsiye Fonu,6,"0,5203","7,3787","20,3878","32,7583","59,7879","",""
ENJ,AKTİF PORTFÖY ENERJİ ŞİRKETLERİ HİSSE SENEDİ (TL) FONU (HİSSE SENEDİ YOĞUN FON),Hisse Senedi Şemsiye Fonu,6,"0,3184","5,3705","22,4667","24,0479","47,9177","",""
ZBO,ZİRAAT PORTFÖY MUTLAK GETİRİ HEDEFLİ HİSSE SENEDİ SERBEST FON (HİSSE SENEDİ YOĞUN FON),Serbest Şemsiye Fonu,5,"-0,1067","6,2784","14,3192","15,9788","24,0249","145,2248",""
NHY,NEO PORTFÖY BİRİNCİ HİSSE SENEDİ (TL) FONU (HİSSE SENEDİ YOĞUN FON),Hisse Senedi Şemsiye Fonu,7,"-0,1254","11,7539","19,4499","32,4331","53,1057","167,9717",""
RPI,ROTA PORTFÖY KATILIM HİSSE SENEDİ FONU (HİSSE SENEDİ YOĞUN FON),Hisse Senedi Şemsiye Fonu,6,"-0,163","5,2175","16,7135","27,0785","39,3799","",""
GKG,GARANTİ PORTFÖY KAR PAYI ÖDEYEN HİSSE SENEDİ (TL) FONU (HİSSE SENEDİ YOĞUN FON),Hisse Senedi Şemsiye Fonu,6,"-0,2511","-0,1428","15,139","27,3201","42,2355","",""
SBH,SPARTA PORTFÖY BİRİNCİ HİSSE SENEDİ SERBEST (TL) FON (HİSSE SENEDİ YOĞUN FON),Serbest Şemsiye Fonu,6,"-0,4082","2,1979","28,7195","28,4849","83,1252","",""
PSH,DENİZ PORTFÖY PERAKENDE SEKTÖRÜ HİSSE SENEDİ (TL) FONU (HİSSE SENEDİ YOĞUN FON),Hisse Senedi Şemsiye Fonu,6,"-0,5096","","","","","",""
GL1,AZİMUT PYŞ BİRİNCİ HİSSE SENEDİ FONU (HİSSE SENEDİ YOĞUN FON),Hisse Senedi Şemsiye Fonu,6,"-0,536","-0,146","12,0553","21,2992","41,9821","206,9357","1381,0678"
SHU,SPARTA PORTFÖY ÜÇÜNCÜ HİSSE SENEDİ SERBEST (TL) FON (HİSSE SENEDİ YOĞUN FON),Serbest Şemsiye Fonu,6,"-0,5362","-1,0493","32,5071","41,4265","","",""
ZPE,ZİRAAT PORTFÖY KATILIM HİSSE SENEDİ FONU (HİSSE SENEDİ YOĞUN FON),Hisse Senedi Şemsiye Fonu,6,"-0,542","-0,724","13,4229","22,0784","36,6468","151,1353","1045,5088"
NLE,NUROL PORTFÖY EMLAK SEKTÖRÜ HİSSE SENEDİ FONU (HİSSE SENEDİ YOĞUN FON),Hisse Senedi Şemsiye Fonu,6,"-0,6453","11,3467","15,7135","27,7146","33,0013","",""
HFI,HEDEF PORTFÖY İKİNCİ KATILIM HİSSE SENEDİ SERBEST FON (HİSSE SENEDİ YOĞUN FON),Serbest Şemsiye Fonu,6,"-0,6634","3,4215","24,155","33,5086","32,5761","",""
ZJL,ZİRAAT PORTFÖY BIST 100 DIŞI ŞİRKETLER HİSSE SENEDİ FONU (HİSSE SENEDİ YOĞUN FON),Hisse Senedi Şemsiye Fonu,6,"-0,6859","5,7293","13,9578","16,2931","33,0271","222,9787",""
RBN,RE-PIE PORTFÖY BEŞİNCİ HİSSE SENEDİ SERBEST (TL) FON (HİSSE SENEDİ YOĞUN FON),Serbest Şemsiye Fonu,7,"-0,7144","-0,4782","11,1958","19,813","16,7891","",""
IML,İŞ PORTFÖY MODEL PORTFÖY HİSSE SENEDİ (TL) FONU (HİSSE SENEDİ YOĞUN FON),Hisse Senedi Şemsiye Fonu,6,"-0,8586","1,1768","10,6766","21,331","42,4157","",""
HNC,HEDEF PORTFÖY ÜÇÜNCÜ HİSSE SENEDİ FONU (HİSSE SENEDİ YOĞUN FON),Hisse Senedi Şemsiye Fonu,6,"-1,0457","0,4988","11,9433","20,6043","27,4375","",""
TIL,İŞ PORTFÖY KATILIM HİSSE SENEDİ (TL) FONU (HİSSE SENEDİ YOĞUN FON),Hisse Senedi Şemsiye Fonu,6,"-1,1011","1,4971","19,9567","27,4047","","",""
DLD,DENİZ PORTFÖY SÜRDÜRÜLEBİLİRLİK HİSSE SENEDİ FONU (HİSSE SENEDİ YOĞUN FON),Hisse Senedi Şemsiye Fonu,6,"-1,1711","2,4062","13,3709","21,914","30,7366","142,5732",""
IEN,İSTANBUL PORTFÖY İNŞAAT SEKTÖRÜ HİSSE SENEDİ SERBEST (TL) FON (HİSSE SENEDİ YOĞUN FON),Serbest Şemsiye Fonu,6,"-1,1946","3,6291","15,2459","26,2103","","",""
GID,GARANTİ PORTFÖY İNŞAAT SEKTÖRÜ HİSSE SENEDİ FONU (HİSSE SENEDİ YOĞUN FON),Hisse Senedi Şemsiye Fonu,5,"-1,2613","2,0312","11,9747","14,8601","27,7291","",""
MLT,DENİZ PORTFÖY MELTEM HİSSE SENEDİ SERBEST (TL) FON (HİSSE SENEDİ YOĞUN FON),Serbest Şemsiye Fonu,6,"-1,2939","-1,0594","16,382","24,7463","","",""
KH1,AK PORTFÖY KATILIM HİSSE SENEDİ FONU (HİSSE SENEDİ YOĞUN FON),Hisse Senedi Şemsiye Fonu,6,"-1,3585","0,3631","18,3321","27,9177","","",""
TTE,İŞ PORTFÖY BIST TEKNOLOJİ AĞIRLIK SINIRLAMALI ENDEKSİ HİSSE SENEDİ (TL) FONU (HİSSE SENEDİ YOĞUN FON),Hisse Senedi Şemsiye Fonu,7,"-1,5001","16,3999","46,6577","63,7644","77,2802","333,8834","1172,8115"
KOT,AZİMUT PORTFÖY KOÇ TOPLULUĞU ŞİRKETLERİ HİSSE SENEDİ FONU (HİSSE SENEDİ YOĞUN FON),Hisse Senedi Şemsiye Fonu,6,"-1,5264","-6,152","2,5476","12,9101","25,8354","",""
BV1,BV PORTFÖY BİRİNCİ HİSSE SENEDİ (TL) FON (HİSSE SENEDİ YOĞUN FON),Hisse Senedi Şemsiye Fonu,6,"-1,5765","3,6629","12,0124","20,566","50,6613","",""
AKU,AK PORTFÖY BIST 30 ENDEKSİ HİSSE SENEDİ (TL) FONU (HİSSE SENEDİ YOĞUN FON),Hisse Senedi Şemsiye Fonu,6,"-1,6348","-0,9911","18,7583","31,8527","42,4002","137,7683","1014,7953"
HGM,HEDEF PORTFÖY İKİNCİ HİSSE SENEDİ (TL) FONU (HİSSE SENEDİ YOĞUN FON),Hisse Senedi Şemsiye Fonu,6,"-1,6483","-2,286","27,5988","37,1768","44,7671","220,633",""
YHI,YAPI KREDİ PORTFÖY İNŞAAT SEKTÖRÜ HİSSE SENEDİ SERBEST (TL) FON (HİSSE SENEDİ YOĞUN FON),Serbest Şemsiye Fonu,6,"-1,7135","4,1242","15,3434","22,3705","33,53","",""
SLG,QNB PORTFÖY ALGORİTMİK STRATEJİLER HİSSE SENEDİ FONU (HİSSE SENEDİ YOĞUN FON),Hisse Senedi Şemsiye Fonu,6,"-1,7322","2,3768","19,1332","29,6164","","",""
KYA,KARE PORTFÖY HİSSE SENEDİ FONU(HİSSE SENEDİ YOĞUN FON),Hisse Senedi Şemsiye Fonu,6,"-1,7451","-6,9389","1,8179","10,4114","20,8227","160,8609","1339,707"
YHZ,YAPI KREDİ PORTFÖY BIST TEKNOLOJİ AĞIRLIK SINIRLAMALI ENDEKSİ HİSSE SENEDİ FONU ( HİSSE SENEDİ YOĞUN FON),Hisse Senedi Şemsiye Fonu,6,"-1,7887","13,7477","39,7021","55,0673","75,8092","348,9656","955,8824"
BDS,PARDUS PORTFÖY BIST 30 DIŞI ŞİRKETLER HİSSE SENEDİ (TL) FONU (HİSSE SENEDİ YOĞUN FON),Hisse Senedi Şemsiye Fonu,6,"-1,8778","-0,316","-3,5224","-1,0055","11,2099","",""
TLZ,ATA PORTFÖY KATILIM HİSSE SENEDİ (TL) FONU (HİSSE SENEDİ YOĞUN FON),Hisse Senedi Şemsiye Fonu,6,"-1,9236","5,5148","19,2941","30,7544","45,5883","144,8276","1220,5251"
AOJ,ALLBATROSS PORTFÖY İNŞAAT SEKTÖRÜ HİSSE SENEDİ SERBEST (TL) FON (HİSSE SENEDİ YOĞUN FON),Serbest Şemsiye Fonu,6,"-1,9251","5,0566","18,0013","20,5546","22,5742","",""
RHS,ROTA PORTFÖY HİSSE SENEDİ (TL) FON (HİSSE SENEDİ YOĞUN FON),Hisse Senedi Şemsiye Fonu,6,"-1,9472","-0,0426","13,6501","24,4233","46,6537","263,4267",""
GKV,GARANTİ PORTFÖY KATILIM HİSSE SENEDİ (TL) FONU (HİSSE SENEDİ YOĞUN FON),Hisse Senedi Şemsiye Fonu,6,"-1,9864","7,7348","27,4867","42,4706","53,6402","181,3771",""
DPT,DENİZ PORTFÖY BİST TEMETTÜ 25 ENDEKSİ HİSSE SENEDİ FONU ( HİSSE SENEDİ YOĞUN FON ),Hisse Senedi Şemsiye Fonu,6,"-2,0861","-0,9769","12,4882","24,0508","33,4538","141,5296","865,7497"
KTI,AZİMUT PORTFÖY KATILIM HİSSE SENEDİ FONU (HİSSE SENEDİ YOĞUN FON),Hisse Senedi Şemsiye Fonu,6,"-2,1302","5,2031","20,0256","28,3334","37,2643","",""
ICZ,AK PORTFÖY TEKNOLOJİ ŞİRKETLERİ HİSSE SENEDİ (TL) FONU (HİSSE SENEDİ YOĞUN FON),Hisse Senedi Şemsiye Fonu,7,"-2,1937","11,8493","31,1422","44,4847","65,7274","302,8931","819,0077"
YHK,YAPI KREDİ PORTFÖY KATILIM HİSSE SENEDİ FONU (HİSSE SENEDİ YOĞUN FON),Hisse Senedi Şemsiye Fonu,6,"-2,2011","6,9198","30,366","47,1678","66,352","",""
YEF,YAPI KREDİ PORTFÖY BIST 30 ENDEKSİ HİSSE SENEDİ FONU (HİSSE SENEDİ YOĞUN FON),Hisse Senedi Şemsiye Fonu,6,"-2,2228","-1,306","19,2216","31,4476","41,8926","158,7369","1103,7871"
TIE,İŞ PORTFÖY BIST 30 ENDEKSİ HİSSE SENEDİ (TL) FONU (HİSSE SENEDİ YOĞUN FON),Hisse Senedi Şemsiye Fonu,6,"-2,2319","-0,8585","19,319","32,6537","42,9625","142,2905","1018,7447"
ASJ,AKTİF PORTFÖY HİSSE SENEDİ (TL) FONU (HİSSE SENEDİ YOĞUN FON),Hisse Senedi Şemsiye Fonu,6,"-2,2928","-1,2938","15,6335","28,0527","32,9778","203,8356",""
BST,PARDUS PORTFÖY BANKACILIK SEKTÖRÜ DIŞI ŞİRKETLER HİSSE SENEDİ SERBEST (TL) FON (HİSSE SENEDİ YOĞUN FON),Serbest Şemsiye Fonu,7,"-2,319","0,4691","11,8542","17,5341","25,7509","211,0999",""
DXP,DENİZ PORTFÖY İHRACATÇI ŞİRKETLER HİSSE SENEDİ FONU (HİSSE SENEDİ YOĞUN FON),Hisse Senedi Şemsiye Fonu,6,"-2,3583","-0,2613","9,5905","19,8258","35,8312","",""
HVS,HSBC PORTFÖY HİSSE SENEDİ (TL) FONU (HİSSE SENEDİ YOĞUN FON),Hisse Senedi Şemsiye Fonu,"","-2,4041","-0,0777","14,7955","26,6682","32,215","169,075","1635,9754"
GAE,GARANTİ PORTFÖY BİST30 ENDEKSİ HİSSE SENEDİ (TL) FONU (HİSSE SENEDİ YOĞUN FON),Hisse Senedi Şemsiye Fonu,6,"-2,4154","-1,0393","18,2434","31,2716","40,8234","139,6186","1006,2512"
HRZ,AKTİF PORTFÖY BIST HALKA ARZ ŞİRKETLERİ HİSSE SENEDİ (TL) FONU (HİSSE SENEDİ YOĞUN FON),Hisse Senedi Şemsiye Fonu,6,"-2,4289","9,1788","46,0495","56,4653","81,5478","",""
YDI,YAPI KREDİ PORTFÖY MODEL PORTFÖY HİSSE SENEDİ FONU (HİSSE SENEDİ YOĞUN FON),Hisse Senedi Şemsiye Fonu,6,"-2,4469","-3,0475","4,8028","13,9542","22,4211","143,8919","1085,593"
HBU,HSBC PORTFÖY BİST 30 ENDEKSİ HİSSE SENEDİ FONU (HİSSE SENEDİ YOĞUN FON),Hisse Senedi Şemsiye Fonu,"","-2,4745","-1,1481","19,9293","34,105","44,7049","145,6815","1112,712"
NST,İŞ PORTFÖY EMLAK SEKTÖRÜ HİSSE SENEDİ FONU (HİSSE SENEDİ YOĞUN FON),Hisse Senedi Şemsiye Fonu,6,"-2,503","1,5855","10,8846","19,8559","","",""
IHA,ALLBATROSS PORTFÖY İKİNCİ HİSSE SENEDİ (TL) FONU (HİSSE SENEDİ YOĞUN FON),Hisse Senedi Şemsiye Fonu,6,"-2,5739","-0,9991","7,2354","21,5126","32,9797","173,4134",""
YAS,YAPI KREDİ PORTFÖY KOÇ HOLDİNG İŞTİRAK VE HİSSE SENEDİ FONU(HİSSE SENEDİ YOĞUN FON),Hisse Senedi Şemsiye Fonu,6,"-2,583","-8,742","-3,3002","6,119","14,178","77,9258","782,0863"
BVM,ALLBATROSS PORTFÖY BİRİNCİ HİSSE SENEDİ SERBEST (TL) FON (HİSSE SENEDİ YOĞUN FON),Serbest Şemsiye Fonu,6,"-2,5874","6,7785","7,969","9,5808","-55,8275","-47,9398",""
BDY,AK PORTFÖY BIST 100 DIŞI ŞİRKETLER HİSSE SENEDİ (TL) FONU (HİSSE SENEDİ YOĞUN FON),Hisse Senedi Şemsiye Fonu,6,"-2,6272","2,3683","10,5588","15,5952","29,6851","",""
OHK,OYAK PORTFÖY KATILIM HİSSE SENEDİ (TL) FONU (HİSSE SENEDİ YOĞUN FON),Hisse Senedi Şemsiye Fonu,6,"-2,6834","3,9564","21,5122","33,7257","43,5278","134,7315",""
ALC,AK PORTFÖY KAR PAYI ÖDEYEN ŞİRKETLER HİSSE SENEDİ (TL) FONU (HİSSE SENEDİ YOĞUN FON),Hisse Senedi Şemsiye Fonu,6,"-2,716","-4,0969","11,6832","23,4783","40,719","207,0436","1025,9534"
RBH,ALBARAKA PORTFÖY KATILIM HİSSE SENEDİ FONU (HİSSE SENEDİ YOĞUN FON),Hisse Senedi Şemsiye Fonu,"","-2,7261","1,8201","20,1783","33,5689","48,1293","199,1497","1149,025"
YHS,YAPI KREDİ PORTFÖY BİRİNCİ HİSSE SENEDİ FONU (HİSSE SENEDİ YOĞUN FON),Hisse Senedi Şemsiye Fonu,6,"-2,7689","-2,1867","7,8641","18,9757","25,993","165,5464","1105,7916"
DNH,DENİZ PORTFÖY İNŞAAT SEKTÖRÜ HİSSE SENEDİ SERBEST (TL) FON (HİSSE SENEDİ YOĞUN FON),Serbest Şemsiye Fonu,"","-2,7955","-1,0522","10,0646","15,3666","","",""
IVF,İSTANBUL PORTFÖY KATILIM HİSSE SENEDİ (TL) FONU (HİSSE SENEDİ YOĞUN FON),Hisse Senedi Şemsiye Fonu,6,"-2,8261","-0,3896","24,1215","36,5503","46,5525","180,4426",""
GIE,GARANTİ PORTFÖY GARANTİ BBVA İKLİM ENDEKSİ HİSSE SENEDİ (TL) FONU (HİSSE SENEDİ YOĞUN FON),Hisse Senedi Şemsiye Fonu,6,"-2,9294","-4,9896","8,2873","20,1197","27,264","154,1317",""
YPR,AZİMUT PORTFÖY YILDIZ PAZAR ŞİRKETLERİ HİSSE SENEDİ FONU (HİSSE SENEDİ YOĞUN FON),Hisse Senedi Şemsiye Fonu,6,"-2,9417","0,3745","16,8256","26,2482","45,3265","",""
PHK,PHİLLİP PORTFÖY KATILIM HİSSE SENEDİ FONU (HİSSE SENEDİ YOĞUN FON),Hisse Senedi Şemsiye Fonu,6,"-2,951","6,3134","21,7882","33,6534","39,582","",""
KPC,KUVEYT TÜRK PORTFÖY KATILIM HİSSE SENEDİ (TL) FONU (HİSSE SENEDİ YOĞUN FON),Hisse Senedi Şemsiye Fonu,6,"-2,9847","5,373","23,3102","35,4225","49,9212","234,8268","1390,9786"
MMH,AKTİF PORTFÖY BIST 30 ENDEKSİ HİSSE SENEDİ (TL) FONU (HİSSE SENEDİ YOĞUN FON),Hisse Senedi Şemsiye Fonu,6,"-3,0038","-2,4505","15,3669","28,2059","40,3759","166,6616","1275,2708"
GSP,AZİMUT PYŞ KAR PAYI ÖDEYEN HİSSE SENEDİ FONU (HİSSE SENEDİ YOĞUN FON),Hisse Senedi Şemsiye Fonu,6,"-3,0422","1,2738","23,4002","35,0102","49,4586","230,4829","1229,0982"
OPH,OSMANLI PORTFÖY BİRİNCİ HİSSE SENEDİ FONU(HİSSE SENEDİ YOĞUN FON),Hisse Senedi Şemsiye Fonu,6,"-3,065","4,0861","12,7388","23,6249","36,7121","138,4229","1153,624"
SSS,YAPI KREDİ PORTFÖY SAVUNMA SANAYİİ ŞİRKETLERİ ENDEKSİ HİSSE SENEDİ FONU (HİSSE SENEDİ YOĞUN FON),Hisse Senedi Şemsiye Fonu,6,"-3,0702","-3,8965","4,6967","19,3482","30,2877","",""
HKH,HEDEF PORTFÖY KATILIM HİSSE SENEDİ (TL) FONU (HİSSE SENEDİ YOĞUN FON),Hisse Senedi Şemsiye Fonu,6,"-3,0936","0,2311","1,0882","8,0835","13,7425","145,3787",""
DKH,DENİZ PORTFÖY KATILIM HİSSE SENEDİ (TL) FONU (HİSSE SENEDİ YOĞUN FON),Hisse Senedi Şemsiye Fonu,5,"-3,1055","3,4801","18,0576","27,1697","41,0651","194,3897",""
AYA,ATA PORTFÖY KAR PAYI ÖDEYEN HİSSE SENEDİ (TL) FONU (HİSSE SENEDİ YOĞUN FON),Hisse Senedi Şemsiye Fonu,6,"-3,1803","-3,2782","4,8873","13,6274","24,3118","123,9649","677,9158"
MPS,AKTİF PORTFÖY KATILIM HİSSE SENEDİ (TL) FONU (HİSSE SENEDİ YOĞUN FON),Hisse Senedi Şemsiye Fonu,6,"-3,246","-0,7009","13,8376","26,3763","38,1225","154,0478","859,9915"
MGB,İŞ PORTFÖY MUTLAK GETİRİ HEDEFLİ HİSSE SENEDİ SERBEST FON (HİSSE SENEDİ YOĞUN FON),Serbest Şemsiye Fonu,2,"-3,2745","3,2852","7,7014","7,5648","27,8119","",""
DTH,EMAA BLUE PORTFÖY DÖNÜŞÜM TEKNOLOJİLERİ HİSSE SENEDİ (TL) FONU (HİSSE SENEDİ YOĞUN FON),Hisse Senedi Şemsiye Fonu,6,"-3,2841","12,5556","23,7817","34,8828","","",""
IHT,İŞ PORTFÖY İHRACATÇI ŞİRKETLER HİSSE SENEDİ (TL) FONU (HİSSE SENEDİ YOĞUN FON),Hisse Senedi Şemsiye Fonu,6,"-3,2866","-3,269","9,7158","17,0561","23,3849","89,5309",""
GZR,GARANTİ PORTFÖY SÜRDÜRÜLEBİLİRLİK HİSSE SENEDİ (TL) FONU (HİSSE SENEDİ YOĞUN FON),Hisse Senedi Şemsiye Fonu,6,"-3,2908","-3,3704","10,8284","22,1275","29,3494","151,9349","1104,275"
NUH,NEO PORTFÖY ÜÇÜNCÜ HİSSE SENEDİ FONU (HİSSE SENEDİ YOĞUN FON),Hisse Senedi Şemsiye Fonu,6,"-3,3191","9,5125","23,158","32,7778","","",""
KST,ALLBATROSS PORTFÖY KATILIM HİSSE SENEDİ (TL) FONU (HİSSE SENEDİ YOĞUN FON),Hisse Senedi Şemsiye Fonu,6,"-3,3227","-1,7337","12,3927","24,267","26,8302","",""
IDI,AZİMUT PORTFÖY İNŞAAT SEKTÖRÜ HİSSE SENEDİ FONU (HİSSE SENEDİ YOĞUN FON),Hisse Senedi Şemsiye Fonu,6,"-3,33","1,8627","20,9503","31,0873","44,2941","",""
DZE,DENİZ PORTFÖY BIST 100 ENDEKSİ HİSSE SENEDİ FONU(HİSSE SENEDİ YOĞUN FON),Hisse Senedi Şemsiye Fonu,6,"-3,3311","-3,1224","9,3319","20,2692","31,8344","122,4779","984,4539"
RHI,RE-PIE PORTFÖY BİRİNCİ HİSSE SENEDİ (TL) FONU (HİSSE SENEDİ YOĞUN FON),Hisse Senedi Şemsiye Fonu,6,"-3,3644","0,1974","18,8699","35,0822","41,2833","",""
GTM,GARANTİ PORTFÖY TEMETTÜ ÖDEYEN ŞİRKETLER HİSSE SENEDİ (TL) FONU (HİSSE SENEDİ YOĞUN FON),Hisse Senedi Şemsiye Fonu,6,"-3,3886","-2,4405","12,3509","25,0177","40,6621","215,7193",""
GNH,GLOBAL MD PORTFÖY ALGORİTMİK MODEL HİSSE SENEDİ FONU (HİSSE SENEDİ YOĞUN FON),Hisse Senedi Şemsiye Fonu,7,"-3,4061","2,1425","13,0412","19,4055","33,4001","",""
THD,TRIVE PORTFÖY BİRİNCİ HİSSE SENEDİ (TL) FON (HİSSE SENEDİ YOĞUN FON),Hisse Senedi Şemsiye Fonu,6,"-3,4167","-1,7828","10,7004","21,2034","28,8687","154,0592",""
KPU,KUVEYT TÜRK PORTFÖY İKİNCİ KATILIM HİSSE SENEDİ (TL) FONU (HİSSE SENEDİ YOĞUN FON),Hisse Senedi Şemsiye Fonu,6,"-3,417","6,8212","22,9859","35,6925","46,4638","196,9108",""
PPH,PARDUS PORTFÖY BIST 100 DIŞI ŞİRKETLER HİSSE SENEDİ (TL) FONU (HİSSE SENEDİ YOĞUN FON),Hisse Senedi Şemsiye Fonu,6,"-3,4369","3,8094","8,7189","15,7983","34,5599","",""
TI3,İŞ PORTFÖY İŞ BANKASI İŞTİRAKLERİ ENDEKSİ HİSSE SENEDİ (TL) FONU (HİSSE SENEDİ YOĞUN FON),Hisse Senedi Şemsiye Fonu,7,"-3,4631","-6,0597","5,6251","10,3689","13,9938","138,4413","1139,2662"
FPH,FİBA PORTFÖY HİSSE SENEDİ (TL) FONU (HİSSE SENEDİ YOĞUN FON),Hisse Senedi Şemsiye Fonu,6,"-3,5986","-1,1811","9,3601","15,7242","25,3106","145,0311","1086,1554"
GLG,AKTİF PORTFÖY CAPİTAL HİSSE SENEDİ SERBEST FON (HİSSE SENEDİ YOĞUN FON),Serbest Şemsiye Fonu,6,"-3,6164","-3,9296","3,2434","18,5193","41,5775","191,5303",""
OHB,OYAK PORTFÖY BİRİNCİ HİSSE SENEDİ (TL) FONU (HİSSE SENEDİ YOĞUN FON),Hisse Senedi Şemsiye Fonu,6,"-3,6676","-4,1191","9,1485","18,9268","27,7944","156,8817","1234,0695"
HVI,DENİZ PORTFÖY HOLDİNGLER VE İŞTİRAKLERİ HİSSE SENEDİ (TL) FONU (HİSSE SENEDİ YOĞUN FON),Hisse Senedi Şemsiye Fonu,"","-3,7001","-0,4382","9,7376","18,6917","","",""
VAY,AK PORTFÖY DEĞER ODAKLI 100 ŞİRKETLERİ HİSSE SENEDİ (TL) FONU (HİSSE SENEDİ YOĞUN FON),Hisse Senedi Şemsiye Fonu,5,"-3,7475","-1,5087","7,3262","13,294","16,7901","",""
TYH,TEB PORTFÖY HİSSE SENEDİ FONU (HİSSE SENEDİ YOĞUN FON),Hisse Senedi Şemsiye Fonu,6,"-3,7579","-6,4456","3,322","14,0203","18,6972","160,7497","1331,8829"
IIH,İSTANBUL PORTFÖY ÜÇÜNCÜ HİSSE SENEDİ FONU (HİSSE SENEDİ YOĞUN FON),Hisse Senedi Şemsiye Fonu,6,"-3,7656","-3,7266","7,4855","17,1182","26,559","227,4353","1870,7666"
IDH,İŞ PORTFÖY BIST 100 DIŞI ŞİRKETLER HİSSE SENEDİ (TL) FONU (HİSSE SENEDİ YOĞUN FON),Hisse Senedi Şemsiye Fonu,6,"-3,7833","1,4239","13,0956","17,9782","29,0158","237,8767","1237,7388"
OMG,AZİMUT PORTFÖY İKİNCİ HİSSE SENEDİ FONU (HİSSE SENEDİ YOĞUN FON),Hisse Senedi Şemsiye Fonu,6,"-3,8043","2,0488","19,9144","30,8872","48,9207","",""
GBH,GARANTİ PORTFÖY BİRİNCİ HİSSE SENEDİ SERBEST FON (HİSSE SENEDİ YOĞUN FON),Serbest Şemsiye Fonu,6,"-3,8348","-4,1799","12,06","22,6661","33,2098","206,8156",""
ZHH,ZİRAAT PORTFÖY HALKBANK SÜRDÜRÜLEBİLİRLİK 30 ŞİRKETLERİ HİSSE SENEDİ FONU (HİSSE SENEDİ YOĞUN FON),Hisse Senedi Şemsiye Fonu,5,"-3,8755","-1,3534","7,1437","18,1536","26,1753","",""
GHS,GARANTİ PORTFÖY HİSSE SENEDİ (TL) FONU (HİSSE SENEDİ YOĞUN FON),Hisse Senedi Şemsiye Fonu,6,"-3,9037","-4,7337","8,8023","19,0784","27,9764","167,9743","1432,2439"
HKR,HSBC PORTFÖY KIRMIZI HİSSE SENEDİ SERBEST (TL) FON (HİSSE SENEDİ YOĞUN FON),Serbest Şemsiye Fonu,"","-3,9235","-0,1016","13,4675","21,8105","23,2242","153,3873",""
FSG,FİBA PORTFÖY BİRİNCİ HİSSE SENEDİ SERBEST FON (HİSSE SENEDİ YOĞUN FON),Serbest Şemsiye Fonu,6,"-3,9262","-1,6821","9,7672","16,7397","25,0539","156,8487",""
PGS,AZİMUT PORTFÖY PAY GERİ ALIMI YAPAN ŞİRKETLER HİSSE SENEDİ FONU (HİSSE SENEDİ YOĞUN FON),Hisse Senedi Şemsiye Fonu,6,"-3,9327","4,9418","9,7953","21,575","25,4374","",""
ZLH,ZİRAAT PORTFÖY BIST 100-30 ŞİRKETLERİ HİSSE SENEDİ FONU ( HİSSE SENEDİ YOĞUN FON),Hisse Senedi Şemsiye Fonu,6,"-3,9826","0,0784","4,2819","10,4585","30,4702","132,4172",""
AAV,ATA PORTFÖY İKİNCİ HİSSE SENEDİ (TL) FONU (HİSSE SENEDİ YOĞUN FON),Hisse Senedi Şemsiye Fonu,6,"-3,9889","-3,7869","5,515","15,8927","21,9741","155,1424","1281,2779"
IFN,ICBC TURKEY PORTFÖY SÜRDÜRÜLEBİLİRLİK HİSSE SENEDİ FONU(HİSSE SENEDİ YOĞUN FON),Hisse Senedi Şemsiye Fonu,6,"-4,0184","-1,866","9,9866","18,6403","23,3033","153,193",""
NKC,NEO PORTFÖY İKİNCİ HİSSE SENEDİ FONU (HİSSE SENEDİ YOĞUN FON),Hisse Senedi Şemsiye Fonu,6,"-4,035","0,6463","11,6872","19,6981","","",""
YLE,YAPI KREDİ PORTFÖY BIST SÜRDÜRÜLEBİLİRLİK ENDEKSİ HİSSE SENEDİ FONU (HİSSE SENEDİ YOĞUN FON),Hisse Senedi Şemsiye Fonu,6,"-4,0952","-4,7772","8,1512","18,84","26,4169","158,6861",""
ELZ,ASTRA PORTFÖY KATILIM HİSSE SENEDİ FONU (HİSSE SENEDİ YOĞUN FON),Hisse Senedi Şemsiye Fonu,"","-4,1208","-1,1188","13,1518","22,1117","34,9426","171,5658","1076,4797"
ONE,AKTİF PORTFÖY BİRİNCİ HİSSE SENEDİ SERBEST (TL) FON (HİSSE SENEDİ YOĞUN FON),Serbest Şemsiye Fonu,6,"-4,1372","-1,6912","14,1419","23,9709","34,4133","",""
FUA,AK PORTFÖY İHRACATÇI ŞİRKETLER HİSSE SENEDİ (TL) FONU (HİSSE SENEDİ YOĞUN FON),Hisse Senedi Şemsiye Fonu,6,"-4,1601","-4,9673","8,3078","17,6973","27,5208","77,9482",""
GIH,ALLBATROSS PORTFÖY GIDA VE İÇECEK SEKTÖRÜ HİSSE SENEDİ FONU (HİSSE SENEDİ YOĞUN FON),Hisse Senedi Şemsiye Fonu,6,"-4,2206","0,3112","17,2853","33,2398","38,494","79,1408",""
FYD,QNB PORTFÖY BİRİNCİ HİSSE SENEDİ FONU (HİSSE SENEDİ YOĞUN FON),Hisse Senedi Şemsiye Fonu,6,"-4,2265","-9,1092","0,9134","8,0042","20,2995","143,4741","1316,6024"
EID,ASTRA PORTFÖY HİSSE SENEDİ FONU (HİSSE YOĞUN FON),Hisse Senedi Şemsiye Fonu,6,"-4,2303","2,6183","11,0056","19,1357","32,3441","191,9174","1443,9819"
SUR,EMAA BLUE PORTFÖY SÜRDÜRÜLEBİLİRLİK HİSSE SENEDİ FONU (HİSSE SENEDİ YOĞUN FON),Hisse Senedi Şemsiye Fonu,6,"-4,284","-6,3698","3,4077","13,5033","","",""
FP4,ONE PORTFÖY DÖRDÜNCÜ HİSSE SENEDİ SERBEST FON (HİSSE SENEDİ YOĞUN FON),Serbest Şemsiye Fonu,6,"-4,2949","-12,9938","-5,6074","0,617","","",""
AK3,AK PORTFÖY HİSSE SENEDİ (TL) FONU (HİSSE SENEDİ YOĞUN FON),Hisse Senedi Şemsiye Fonu,6,"-4,3197","-4,0024","12,5097","24,6824","41,1154","234,6112","1592,2655"
PHI,PİRAMİT PORTFÖY HİSSE SENEDİ FONU (HİSSE SENEDİ YOĞUN FON),Hisse Senedi Şemsiye Fonu,6,"-4,3311","2,4596","16,983","27,5807","37,1279","",""
KHC,PARDUS PORTFÖY KATILIM HİSSE SENEDİ (TL) FONU (HİSSE SENEDİ YOĞUN FON),Hisse Senedi Şemsiye Fonu,6,"-4,36","3,6921","20,8953","31,0651","50,7443","",""
TZD,ZİRAAT PORTFÖY HİSSE SENEDİ FONU (HİSSE SENEDİ YOĞUN FON),Hisse Senedi Şemsiye Fonu,6,"-4,3744","0,4821","11,2041","17,4239","28,1393","124,8894","1089,2751"
ICF,ICBC TURKEY PORTFÖY HİSSE SENEDİ FONU(HİSSE SENEDİ YOĞUN FON),Hisse Senedi Şemsiye Fonu,6,"-4,3818","1,9537","13,7214","22,2352","30,4994","164,8024","1480,8679"
PAO,PARDUS PORTFÖY ANADOLU HİSSE SENEDİ SERBEST FON (HİSSE SENEDİ YOĞUN FON),Serbest Şemsiye Fonu,6,"-4,414","-8,4927","-1,7909","5,7456","26,2213","",""
BHL,İŞ PORTFÖY BİRİNCİ HİSSE SENEDİ SERBEST FON (HİSSE SENEDİ YOĞUN FON),Serbest Şemsiye Fonu,6,"-4,4196","3,5326","19,051","25,4063","43,3738","",""
RTH,RE-PIE PORTFÖY BİRİNCİ HİSSE SENEDİ SERBEST FON (HİSSE SENEDİ YOĞUN FON),Serbest Şemsiye Fonu,7,"-4,4771","-6,541","9,7099","19,6913","19,9601","155,1803",""
NKM,NEO PORTFÖY KATILIM HİSSE SENEDİ FONU (HİSSE SENEDİ YOĞUN FON),Hisse Senedi Şemsiye Fonu,6,"-4,4951","1,1094","","","","",""
DTL,DENİZ PORTFÖY BIST 100 DIŞI ŞİRKETLER HİSSE SENEDİ (TL) FONU (HİSSE SENEDİ YOĞUN FON),Hisse Senedi Şemsiye Fonu,6,"-4,528","7,4722","15,0467","22,9846","47,4027","192,8427",""
HVZ,ALLBATROSS PORTFÖY BİRİNCİ HİSSE SENEDİ (TL) FONU (HİSSE SENEDİ YOĞUN FON),Hisse Senedi Şemsiye Fonu,6,"-4,5613","0,7815","5,0271","12,5057","21,0716","144,4826",""
TKF,TACİRLER PORTFÖY HİSSE SENEDİ FONU (HİSSE SENEDİ YOĞUN FON),Hisse Senedi Şemsiye Fonu,6,"-4,5689","0,9267","13,8408","22,5511","33,6123","147,0366","900,4242"
VHS,VAKIF KATILIM PORTFÖY KATILIM HİSSE SENEDİ FONU (HİSSE SENEDİ YOĞUN FON),Hisse Senedi Şemsiye Fonu,6,"-4,6259","","","","","",""
IMB,İSTANBUL PORTFÖY ALGORİTMİK MODEL HİSSE SENEDİ FONU (HİSSE SENEDİ YOĞUN FON),Hisse Senedi Şemsiye Fonu,5,"-4,697","-2,4869","5,3479","12,1948","27,881","",""
GOH,GARANTİ PORTFÖY BIST 100 DIŞI ŞİRKETLER HİSSE SENEDİ (TL) FONU (HİSSE SENEDİ YOĞUN FON),Hisse Senedi Şemsiye Fonu,6,"-4,7413","2,0125","14,9322","20,4364","29,3256","187,9764","1655,4775"
BTZ,ATLAS PORTFÖY BIST 30 DIŞI ŞİRKETLER HİSSE SENEDİ FONU (HİSSE SENEDİ YOĞUN FON),Hisse Senedi Şemsiye Fonu,6,"-4,7654","-2,8848","1,187","8,1787","23,7018","",""
RKH,RE-PIE PORTFÖY KATILIM HİSSE SENEDİ SERBEST (TL) FON (HİSSE SENEDİ YOĞUN FON),Serbest Şemsiye Fonu,6,"-4,7963","1,7801","13,4623","23,4848","29,4045","",""
PPD,PERFORM PORTFÖY HİSSE SENEDİ SERBEST FON (HİSSE SENEDİ YOĞUN FON),Serbest Şemsiye Fonu,7,"-4,813","0,6868","15,0528","23,9454","58,0022","232,8057","3269,1631"
DUH,HEDEF PORTFÖY UFUK HİSSE SENEDİ SERBEST FON (HİSSE SENEDİ YOĞUN FON),Serbest Şemsiye Fonu,6,"-4,9173","-4,5771","-14,5261","-14,1312","-10,3988","",""
DAH,DENİZ PORTFÖY HİSSE SENEDİ FONU (HİSSE SENEDİ YOĞUN FON),Hisse Senedi Şemsiye Fonu,6,"-4,9735","-7,1764","5,095","16,2199","29,6066","141,1379","1155,1503"
ITC,INVEO PORTFÖY TEMETTÜ ÖDEYEN ŞİRKETLER HİSSE SENEDİ (TL) FONU (HİSSE SENEDİ YOĞUN FON),Hisse Senedi Şemsiye Fonu,6,"-4,9829","-5,4523","10,6684","","","",""
SKO,STRATEJİ PORTFÖY KAR PAYI ÖDEYEN HİSSE SENEDİ FONU (HİSSE SENEDİ YOĞUN FON),Hisse Senedi Şemsiye Fonu,6,"-5,033","-3,1902","17,1114","29,2563","65,5879","",""
BID,QNB PORTFÖY BIST 100 DIŞI ŞİRKETLER HİSSE SENEDİ (TL) FONU (HİSSE SENEDİ YOĞUN FON),Hisse Senedi Şemsiye Fonu,6,"-5,0458","-4,8825","0,3402","5,7769","20,2751","151,1217",""
UPH,ÜNLÜ PORTFÖY HİSSE SENEDİ (TL) FONU(HİSSE SENEDİ YOĞUN FON),Hisse Senedi Şemsiye Fonu,6,"-5,0948","-3,723","10,5382","19,2322","26,9056","148,6807","1165,4562"
BIG,YAPI KREDİ PORTFÖY ÜÇÜNCÜ HİSSE SENEDİ FONU (HİSSE SENEDİ YOĞUN FON),Hisse Senedi Şemsiye Fonu,6,"-5,1268","-0,9865","6,6876","16,4581","29,1919","",""
BIO,İŞ PORTFÖY SÜRDÜRÜLEBİLİRLİK HİSSE SENEDİ (TL) FONU (HİSSE SENEDİ YOĞUN FON),Hisse Senedi Şemsiye Fonu,6,"-5,2888","-5,8838","3,7698","14,1084","21,456","",""
TLH,AURA PORTFÖY HİSSE SENEDİ FONU (HİSSE SENEDİ YOĞUN FON),Hisse Senedi Şemsiye Fonu,7,"-5,3881","-7,5655","6,1474","17,5983","41,3687","160,4699","1342,5043"
YHB,YAPI KREDİ PORTFÖY BIST 100 DIŞI ŞİRKETLER HİSSE SENEDİ FONU (HİSSE SENEDİ YOĞUN FON),Hisse Senedi Şemsiye Fonu,6,"-5,4888","-0,9877","14,6429","22,3769","28,6801","",""
BUY,AK PORTFÖY BÜYÜYEN ŞİRKETLER HİSSE SENEDİ (TL) FONU (HİSSE SENEDİ YOĞUN FON),Hisse Senedi Şemsiye Fonu,5,"-5,4952","-6,6022","7,1845","18,5025","28,205","66,993",""
ZJV,ZİRAAT PORTFÖY BIST 30 DIŞI YILDIZ PAZAR ŞİRKETLERİ HİSSE SENEDİ FONU (HİSSE SENEDİ YOĞUN FON),Hisse Senedi Şemsiye Fonu,6,"-5,529","0,8818","5,6749","13,1808","25,4106","146,1891",""
YUB,YAPI KREDİ PORTFÖY KARAKÖY HİSSE SENEDİ SERBEST FON (HİSSE SENEDİ YOĞUN FON),Serbest Şemsiye Fonu,7,"-5,5635","-7,5808","4,322","17,3182","22,4131","135,6851",""
OPI,OSMANLI PORTFÖY KAR PAYI ÖDEYEN HİSSE SENEDİ (TL) FONU (HİSSE SENEDİ YOĞUN FON),Hisse Senedi Şemsiye Fonu,6,"-5,6929","-4,1281","4,6833","14,8727","25,6485","120,0323","1067,6754"
IHK,İŞ PORTFÖY İŞ'TE KADIN HİSSE SENEDİ (TL) FONU (HİSSE SENEDİ YOĞUN FON),Hisse Senedi Şemsiye Fonu,6,"-5,7132","-5,4507","4,1519","13,3121","19,6561","206,2286","1637,6945"
THF,TERA PORTFÖY HİSSE SENEDİ (TL) FONU (HİSSE SENEDİ YOĞUN FON),Hisse Senedi Şemsiye Fonu,"","-5,7151","-2,2125","22,602","29,9315","79,2059","",""
FRC,FONMAP PORTFÖY BİRİNCİ HİSSE SENEDİ SERBEST FON (HİSSE SENEDİ YOĞUN FON),Serbest Şemsiye Fonu,6,"-5,8483","-6,2761","10,9976","13,6639","21,4585","",""
HMS,HSBC PORTFÖY SÜRDÜRÜLEBİLİRLİK HİSSE SENEDİ (TL) FONU (HİSSE SENEDİ YOĞUN FON),Hisse Senedi Şemsiye Fonu,"","-5,8752","-8,3396","4,8675","14,7241","21,4054","151,7122",""
KHJ,ATLAS PORTFÖY KATILIM HİSSE SENEDİ FONU (HİSSE SENEDİ YOĞUN FON),Hisse Senedi Şemsiye Fonu,6,"-5,8961","-0,1879","17,6655","27,3449","28,813","",""
TI2,İŞ PORTFÖY HİSSE SENEDİ (TL) FONU (HİSSE SENEDİ YOĞUN FON),Hisse Senedi Şemsiye Fonu,6,"-5,9314","-6,1425","4,8416","13,467","20,4194","198,5535","1634,9839"
DOH,TERA PORTFÖY DÖRDÜNCÜ HİSSE SENEDİ SERBEST (TL) FON (HİSSE SENEDİ YOĞUN FON),Serbest Şemsiye Fonu,6,"-5,9516","-4,8899","18,1184","23,9313","77,5773","",""
GAF,INVEO PORTFÖY BİRİNCİ HİSSE SENEDİ FONU (HİSSE SENEDİ YOĞUN FON),Hisse Senedi Şemsiye Fonu,6,"-6,0888","-4,4178","7,5452","17,7806","36,1659","217,2611","1470,9986"
EC2,GLOBAL MD PORTFÖY BİRİNCİ HİSSE SENEDİ FONU(HİSSE SENEDİ YOĞUN FON),Hisse Senedi Şemsiye Fonu,"","-6,1591","-3,21","-4,1415","2,8594","3,4453","152,2577","1263,836"
AHI,ATLAS PORTFÖY BİRİNCİ HİSSE SENEDİ FONU(HİSSE SENEDİ YOĞUN),Hisse Senedi Şemsiye Fonu,6,"-6,3107","-2,3957","8,1976","17,137","41,2945","193,73","1628,6801"
PPB,PHİLLİP PORTFÖY BİRİNCİ HİSSE SENEDİ FONU (HİSSE SENEDİ YOĞUN FON),Hisse Senedi Şemsiye Fonu,7,"-6,3379","-1,2321","6,6418","13,311","19,2873","176,4587",""
HFR,A1 CAPİTAL PORTFÖY HİSSE SENEDİ (TL) FONU (HİSSE SENEDİ YOĞUN FON),Hisse Senedi Şemsiye Fonu,6,"-6,3545","-3,7677","8,6335","20,3776","","",""
ST1,STRATEJİ PORTFÖY BİRİNCİ HİSSE SENEDİ FONU (HİSSE SENEDİ YOĞUN FON),Hisse Senedi Şemsiye Fonu,"","-6,3716","-5,0739","2,4328","13,3123","15,4365","89,0427","967,0584"
HIH,GARANTİ  PORTFÖY HOLDİNGLER VE İŞTİRAKLERİ HİSSE SENEDİ (TL) FONU (HİSSE SENEDİ YOĞUN FON),Hisse Senedi Şemsiye Fonu,6,"-6,9041","-3,8055","3,53","11,9335","19,9708","",""
MKA,MARMARA CAPİTAL PORTFÖY KATILIM HİSSE SENEDİ (TL) FONU (HİSSE SENEDİ YOĞUN FON),Hisse Senedi Şemsiye Fonu,6,"-6,9833","1,7158","11,8914","20,4842","29,0689","",""
THV,ATA PORTFÖY BARBAROS HİSSE SENEDİ SERBEST (TL) FON (HİSSE SENEDİ YOĞUN FON),Serbest Şemsiye Fonu,7,"-7,0371","-17,2519","-73,5428","-69,415","297,5659","670,2067","3206,7499"
GMR,INVEO PORTFÖY BIST 30 DIŞI ŞİRKETLER HİSSE SENEDİ FONU (HİSSE SENEDİ YOĞUN FON),Hisse Senedi Şemsiye Fonu,6,"-7,5481","1,5533","4,2064","13,2612","37,8545","151,3772","1116,3729"
DHJ,DENİZ PORTFÖY TEKNOLOJİ ŞİRKETLERİ HİSSE SENEDİ FONU (HİSSE SENEDİ YOĞUN FON),Hisse Senedi Şemsiye Fonu,7,"-7,6122","0,3075","13,1174","24,176","41,18","145,5681",""
MAC,MARMARA CAPITAL PORTFÖY HİSSE SENEDİ (TL) FONU (HİSSE SENEDİ YOĞUN FON),Hisse Senedi Şemsiye Fonu,6,"-7,6422","1,0027","4,7464","15,2686","25,2264","164,4651","1282,073"
PBN,PİRAMİT PORTFÖY BİRİNCİ HİSSE SENEDİ SERBEST FON (HİSSE SENEDİ YOĞUN FON),Serbest Şemsiye Fonu,7,"-7,8477","-1,6221","-11,4931","16,9387","-5,8556","",""
ACC,İSTANBUL PORTFÖY DÖRDÜNCÜ HİSSE SENEDİ FONU (HİSSE SENEDİ YOĞUN),Hisse Senedi Şemsiye Fonu,6,"-7,9911","-2,7006","12,5518","24,0655","30,4134","200,0467","1506,5644"
BFT,AZİMUT PORTFÖY BANKA VE FİNANS SEKTÖRÜ HİSSE SENEDİ FONU (HİSSE SENEDİ YOĞUN FON),Hisse Senedi Şemsiye Fonu,6,"-8,0211","-6,6162","0,0613","3,3124","11,3034","",""
CAH,A1 CAPİTAL PORTFÖY HİSSE SENEDİ SERBEST FON (HİSSE SENEDİ YOĞUN FON),Serbest Şemsiye Fonu,6,"-8,0595","-0,2342","13,5736","29,2228","","",""
VPS,VEGA PORTFÖY SALUR HİSSE SENEDİ SERBEST (TL) FON (HİSSE SENEDİ YOĞUN FON),Serbest Şemsiye Fonu,6,"-8,1567","-14,6908","13,1452","","","",""
GRT,GARANTİ PORTFÖY TEKNOLOJİ ŞİRKETLERİ HİSSE SENEDİ (TL) FONU (HİSSE SENEDİ YOĞUN FON),Hisse Senedi Şemsiye Fonu,6,"-8,2557","5,6691","23,8797","37,1284","48,2519","",""
HKM,HEDEF PORTFÖY BAŞAK HİSSE SENEDİ SERBEST (TL) FON (HİSSE SENEDİ YOĞUN FON),Serbest Şemsiye Fonu,7,"-8,5906","-6,8969","15,2773","-1,1582","31,2498","125,2415",""
IHV,INVEO PORTFÖY BEŞİNCİ HİSSE SENEDİ SERBEST FON (HİSSE SENEDİ YOĞUN FON),Serbest Şemsiye Fonu,7,"-8,7683","-0,4722","5,139","8,9204","12,4208","",""
KPH,İŞ PORTFÖY KAR PAYI ÖDEYEN HİSSE SENEDİ (TL) FONU (HİSSE SENEDİ YOĞUN FON),Hisse Senedi Şemsiye Fonu,6,"-8,9365","-8,6524","5,8863","11,5504","22,002","",""
YLY,YAPI KREDİ PORTFÖY KAR PAYI ÖDEYEN HİSSE SENEDİ (TL) FON (HİSSE SENEDİ YOĞUN FON),Hisse Senedi Şemsiye Fonu,6,"-8,948","-9,9353","-0,4379","7,6431","14,9137","85,2899",""
RDF,ROTA PORTFÖY DOKUZUNCU HİSSE SENEDİ SERBEST FON (HİSSE SENEDİ YOĞUN FON),Serbest Şemsiye Fonu,6,"-8,9659","0,339","8,1955","22,6155","57,4349","",""
DDA,DENİZ PORTFÖY BANKACILIK SEKTÖRÜ HİSSE SENEDİ SERBEST FON (HİSSE SENEDİ YOĞUN FON),Serbest Şemsiye Fonu,7,"-8,9701","-6,8159","-1,0384","1,8548","-1,0871","160,2215","1003,7723"
SAS,AK PORTFÖY SABANCI TOPLULUĞU ŞİRKETLERİ ENDEKSİ HİSSE SENEDİ (TL) FONU (HİSSE SENEDİ YOĞUN FON),Hisse Senedi Şemsiye Fonu,5,"-9,0388","-10,1045","2,9785","8,1327","15,4092","",""
NPH,NUROL PORTFÖY BİRİNCİ HİSSE SENEDİ FONU (HİSSE SENEDİ YOĞUN FON),Hisse Senedi Şemsiye Fonu,6,"-9,0719","-8,9571","-4,903","1,578","16,9844","",""
YCP,YAPI KREDİ PORTFÖY BANKACILIK SEKTÖRÜ HİSSE SENEDİ SERBEST FON (HİSSE SENEDİ YOĞUN FON),Serbest Şemsiye Fonu,7,"-9,1075","-7,2456","-2,3206","0,4478","4,524","172,0403",""
GBJ,GARANTİ PORTFÖY BANKACILIK SEKTÖRÜ HİSSE SENEDİ SERBEST FON (HİSSE SENEDİ YOĞUN FON),Serbest Şemsiye Fonu,7,"-9,2809","-7,5693","-0,4974","2,1782","9,1935","",""
ADP,AK PORTFÖY BIST BANKA ENDEKSİ HİSSE SENEDİ (TL) FONU (HİSSE SENEDİ YOĞUN FON),Hisse Senedi Şemsiye Fonu,"","-9,2928","-6,4742","-0,7026","1,916","6,8031","192,8169","1360,3905"
THT,TRİVE PORTFÖY HİSSE SENEDİ SERBEST FON (HİSSE SENEDİ YOĞUN FON),Serbest Şemsiye Fonu,7,"-9,3448","-22,2156","-15,0373","-5,1182","-9,2222","",""
TAU,İŞ PORTFÖY BIST BANKA ENDEKSİ HİSSE SENEDİ (TL) FONU (HİSSE SENEDİ YOĞUN FON),Hisse Senedi Şemsiye Fonu,7,"-9,478","-7,4372","-1,3981","1,401","5,2846","194,8969","1355,0283"
IHP,İSTANBUL PORTFÖY İKİNCİ HİSSE SENEDİ SERBEST (TL) FON (HİSSE SENEDİ YOĞUN FON),Serbest Şemsiye Fonu,6,"-9,5748","-3,2503","3,8099","16,073","16,5655","",""
YZH,TEB PORTFÖY BIST BANKA ENDEKSİ HİSSE SENEDİ FONU (HİSSE SENEDİ YOĞUN),Hisse Senedi Şemsiye Fonu,7,"-9,5969","-7,0586","-0,7369","2,3907","6,9634","189,7899","1316,2528"
PO9,PARDUS PORTFÖY ONDOKUZUNCU HİSSE SENEDİ SERBEST FON (HİSSE SENEDİ YOĞUN FON),Serbest Şemsiye Fonu,6,"-9,8399","-18,4534","-35,3792","-32,6891","-41,1377","",""
BNH,İSTANBUL PORTFÖY BANKACILIK SEKTÖRÜ HİSSE SENEDİ SERBEST (TL) FON (HİSSE SENEDİ YOĞUN FON),Serbest Şemsiye Fonu,7,"-9,974","-8,8859","-3,583","-1,8954","1,3277","",""
BSH,ATLAS PORTFÖY BANKACILIK SEKTÖRÜ HİSSE SENEDİ SERBEST FON (HİSSE SENEDİ YOĞUN FON),Serbest Şemsiye Fonu,7,"-10,0844","-9,9638","-6,69","-4,2541","-1,692","",""
BRT,PARDUS PORTFÖY BEREKET HİSSE SENEDİ SERBEST FON (HİSSE SENEDİ YOĞUN FON),Serbest Şemsiye Fonu,6,"-10,1503","-19,9804","-20,0168","-22,078","-8,5269","",""
LLA,ALLBATROSS PORTFÖY AYDIN HİSSE SENEDİ SERBEST (TL) FON (HİSSE SENEDİ YOĞUN FON),Serbest Şemsiye Fonu,7,"-10,1734","-10,302","-2,1985","-0,7534","-46,4295","",""
PYR,PARDUS PORTFÖY YİRMİNCİ HİSSE SENEDİ SERBEST FON (HİSSE SENEDİ YOĞUN FON),Serbest Şemsiye Fonu,7,"-10,1812","-20,2849","-9,9336","-16,889","45,7895","",""
PMP,PARDUS PORTFÖY MODEL PORTFÖY HİSSE SENEDİ SERBEST FON (HİSSE SENEDİ YOĞUN FON),Serbest Şemsiye Fonu,7,"-10,2754","-20,6772","-19,4804","-23,6467","-18,5225","",""
KHT,ALLBATROSS PORTFÖY KARTAL HİSSE SENEDİ SERBEST (TL) FON (HİSSE SENEDİ YOĞUN FON),Serbest Şemsiye Fonu,7,"-10,8978","-9,7299","14,7982","18,9936","-15,1472","77,6408",""
ROF,ROTA PORTFÖY ONUNCU HİSSE SENEDİ SERBEST FON (HİSSE SENEDİ YOĞUN FON),Serbest Şemsiye Fonu,7,"-12,0352","-3,1043","3,2216","15,3551","103,2059","",""
DHV,DENİZ PORTFÖY BİRİNCİ HİSSE SENEDİ SERBEST (TL) FON (HİSSE SENEDİ YOĞUN FON),Serbest Şemsiye Fonu,"","-12,9157","11,5204","29,4658","82,5617","","",""
AP5,ATLAS PORTFÖY BEŞİNCİ HİSSE SENEDİ SERBEST FON (HİSSE SENEDİ YOĞUN FON),Serbest Şemsiye Fonu,6,"-13,3889","-15,2568","-22,3844","-15,921","","",""
FS5,ONE PORTFÖY BİRİNCİ İSTATİSTİKSEL ARBİTRAJ HİSSE SENEDİ SERBEST FON (HİSSE SENEDİ YOĞUN FON),Serbest Şemsiye Fonu,2,"-13,7033","-14,9213","-10,1512","-9,0321","5,3019","",""
SNY,ATLAS PORTFÖY SANAYİ SEKTÖRÜ HİSSE SENEDİ SERBEST FON (HİSSE SENEDİ YOĞUN FON),Serbest Şemsiye Fonu,7,"-14,1233","-40,1352","-3,5989","-6,6372","41,3943","",""
KLH,ATLAS PORTFÖY KATILIM HİSSE SENEDİ SERBEST FON (HİSSE SENEDİ YOĞUN FON),Serbest Şemsiye Fonu,7,"-14,6116","14,3282","19,1215","31,6537","97,7489","",""
IHZ,ALLBATROSS PORTFÖY İKİNCİ HİSSE SENEDİ SERBEST FON (HİSSE SENEDİ YOĞUN FON),Serbest Şemsiye Fonu,6,"-20,2643","-19,1262","-22,7161","-22,873","-15,9231","",""
DLZ,DENİZ PORTFÖY ALİZE HİSSE SENEDİ SERBEST (TL) FON (HİSSE SENEDİ YOĞUN FON),Serbest Şemsiye Fonu,"","-39,3858","-57,7316","-68,9842","-82,00","-81,995","",""
HFO,AHLATCI PORTFÖY KATILIM HİSSE SENEDİ (TL) FONU (HİSSE SENEDİ YOĞUN FON),Hisse Senedi Şemsiye Fonu,7,"","","","","","",""
IH1,İNCİR PORTFÖY BİRİNCİ HİSSE SENEDİ FONU (HİSSE SENEDİ YOĞUN FON),Hisse Senedi Şemsiye Fonu,6,"","","","","","",""