"Fon Kodu","Fon Adı","Şemsiye Fon Türü","1 Ay (%)","3 Ay (%)","6 Ay (%)","Yılbaşı (%)","1 Yıl (%)","3 Yıl (%)","5 Yıl (%)"
"YHB","YAPI KREDİ PORTFÖY BIST 100 DIŞI ŞİRKETLER HİSSE SENEDİ FONU (HİSSE SENEDİ YOĞUN FON)","Hisse Senedi Şemsiye Fonu","14,7703","10,3911","14,8966","14,9157","31,4780","-","-"
"DTL","DENİZ PORTFÖY BIST 100 DIŞI ŞİRKETLER HİSSE SENEDİ (TL) FONU (HİSSE SENEDİ YOĞUN FON)","Hisse Senedi Şemsiye Fonu","14,3629","15,8801","28,3984","13,1501","35,1728","-","-"
"BID","QNB PORTFÖY BIST 100 DIŞI ŞİRKETLER HİSSE SENEDİ (TL) FONU (HİSSE SENEDİ YOĞUN FON)","Hisse Senedi Şemsiye Fonu","13,8845","13,3060","21,1959","12,7311","29,8674","-","-"
"GOH","GARANTİ PORTFÖY BIST 100 DIŞI ŞİRKETLER HİSSE SENEDİ (TL) FONU (HİSSE SENEDİ YOĞUN FON)","Hisse Senedi Şemsiye Fonu","12,7650","10,7861","14,9243","11,9322","33,2371","241,2849","-"
"BDY","AK PORTFÖY BIST 100 DIŞI ŞİRKETLER HİSSE SENEDİ (TL) FONU (HİSSE SENEDİ YOĞUN FON)","Hisse Senedi Şemsiye Fonu","12,4661","12,2866","19,4970","12,3136","40,2785","-","-"
"KHB","KARE PORTFÖY BIST 100 DIŞI ŞİRKETLER HİSSE SENEDİ FONU (HİSSE SENEDİ YOĞUN FON)","Hisse Senedi Şemsiye Fonu","10,8740","8,9390","16,7059","11,9857","37,8459","-","-"
"ZJL","ZİRAAT PORTFÖY BIST 100 DIŞI ŞİRKETLER HİSSE SENEDİ FONU (HİSSE SENEDİ YOĞUN FON)","Hisse Senedi Şemsiye Fonu","10,3095","13,0996","21,0278","8,4624","44,2434","244,4283","-"
"IDH","İŞ PORTFÖY BIST 100 DIŞI ŞİRKETLER HİSSE SENEDİ (TL) FONU (HİSSE SENEDİ YOĞUN FON)","Hisse Senedi Şemsiye Fonu","10,3039","13,9945","19,6529","11,1473","26,2275","313,8216","953,5989"
"PPH","PARDUS PORTFÖY BIST 100 DIŞI ŞİRKETLER HİSSE SENEDİ (TL) FONU (HİSSE SENEDİ YOĞUN FON)","Hisse Senedi Şemsiye Fonu","9,6632","6,7368","19,6778","10,9973","-","-","-"
"BIY","AZİMUT PORTFÖY BIST 100 DIŞI ŞİRKETLER HİSSE SENEDİ FONU (HİSSE SENEDİ YOĞUN FON)","Hisse Senedi Şemsiye Fonu","4,7395","-","-","7,4567","-","-","-"